racer_id,st_std_dev
1481,0.08299672275732331
1485,0.06669936463751393
1670,0.061886993787063214
1710,0.08641583418422234
1759,0.0853571912216253
1781,0.08540826813348179
1825,0.09092925001340513
1843,0.09582351326978276
1849,0.10472921901930919
1860,0.10117438852147409
1864,0.07060453243241543
1884,0.13124668429076614
1897,0.10886957489389307
1910,0.08075973106008705
1911,0.11442174232139854
1932,0.1156053753318211
1936,0.0833282361652532
1942,0.08846588014088261
1952,0.0819914916042333
1976,0.09683103841227769
1985,0.1065572355330432
2014,0.07264037897432149
2015,0.09760310294266678
2023,0.09490842959731306
2034,0.09146661925350066
2036,0.10326493370180645
2042,0.08370490029674112
2044,0.08795863593877838
2049,0.0920413428708175
2055,0.10660416497870912
2056,0.10046411379249477
2057,0.08654761888673317
2074,0.0891494421165499
2092,0.09945465333595728
2094,0.07288383840543265
2111,0.10089324377933441
2124,0.07874747502215287
2127,0.06789995611489039
2129,0.08532301569214908
2148,0.13538045964044818
2160,0.08997735991411257
2167,0.07946247991527647
2169,0.10735909366327594
2190,0.09064322550081234
2192,0.09929038794488039
2194,0.0957088491277226
2195,0.09744194516520086
2198,0.08167184822401811
2200,0.10291347026566917
2201,0.10662492520778359
2205,0.08489909977648256
2207,0.09165519519247865
2212,0.10148335287928476
2223,0.08515661513553352
2238,0.07288583625189626
2260,0.06753494399915247
2265,0.08919548627231437
2273,0.08245635518438464
2275,0.08774853526544757
2276,0.08894385951566432
2283,0.09088463527068606
2285,0.08864323724554331
2288,0.09335441934616463
2291,0.0771890785419404
2299,0.08361982002684386
2307,0.07654199565043221
2308,0.10582975535309033
2312,0.04041451884327383
2314,0.09063105404544117
2315,0.07488331095723479
2320,0.10965720293171721
2325,0.05705258748365256
2326,0.07453858061433691
2329,0.09300635581405774
2342,0.08279302335812769
2348,0.10098886711580864
2349,0.09809636766406361
2355,0.10019772119830536
2362,0.0897493138761294
2364,0.1157376118865203
2372,0.09155237792317004
2376,0.0792154660459315
2377,0.0907643844885829
2380,0.07907620711265118
2382,0.07943078614033271
2386,0.09966927827308457
2387,0.07537148356059224
2407,0.0806720751191182
2410,0.09630022128744421
2415,0.0790776152319304
2417,0.09001543077593852
2420,0.10014971055730398
2425,0.09554105459895196
2429,0.08894557151656297
2430,0.07382613564878528
2438,0.08371128719807384
2443,0.12625313218472717
2446,0.0924891229680321
2447,0.0905948055026398
2448,0.09455929159701437
2449,0.08373981924389753
2457,0.09134256515233431
2458,0.02690370836538197
2464,0.08997718724185362
2468,0.1078221487614989
2469,0.10731191450410119
2474,0.09464490296713109
2477,0.07257482482601249
2479,0.08993642149604883
2485,0.08314509216323987
2486,0.08431125130594488
2487,0.09528507511844228
2496,0.09129375548904745
2497,0.07962625298881885
2500,0.08796585652502353
2501,0.09556189567377499
2504,0.08268074327215233
2505,0.09010163071939682
2507,0.09082466983840716
2509,0.08678970566694498
2517,0.10208176526311778
2520,0.0835081448030502
2524,0.08606620583886468
2525,0.09950683963670143
2528,0.06986570399706646
2531,0.09495950511912687
2532,0.3372914339815286
2536,0.09778373672209462
2538,0.10869150246532325
2545,0.09687222592709549
2552,0.11527625686840276
2554,0.08621227547222096
2555,0.10082346442595208
2560,0.09569556997729094
2562,0.09294618726955307
2565,0.08929739075375853
2568,0.08852198831263908
2569,0.09774054159079153
2570,0.09314162618928945
2574,0.0885523416632768
2579,0.12404779638299213
2582,0.10389072949371465
2585,0.08391787197429974
2586,0.0711637949682682
2593,0.10162264872764466
2596,0.07812892178787112
2599,0.08750637874880339
2604,0.1058116513093996
2606,0.0957081145171937
2612,0.08441543067806909
2613,0.09162977206154818
2618,0.07829798664489195
2620,0.08268040762198259
2623,0.08731388153402712
2624,0.08412475807769129
2628,0.09754516717937523
2629,0.08154321151902928
2630,0.07316552059063305
2638,0.07720605081979054
2642,0.1114104155891826
2645,0.10736203383138386
2646,0.08232794073986878
2648,0.08585326662608905
2649,0.10353562908181725
2652,0.07620716503068406
2659,0.09048224136624723
2660,0.090706503524959
2661,0.1014743325631324
2664,0.09606871840490659
2671,0.0954836141587486
2672,0.07316342040159461
2676,0.08651276688681608
2677,0.10011712046870541
2678,0.09336800899870457
2679,0.09391035524232037
2682,0.08534067721661405
2683,0.09595215573976526
2687,0.08420174837629527
2688,0.11032314353841195
2695,0.10780297030409719
2696,0.08877313193578235
2698,0.08451816333377672
2700,0.09185138089344633
2701,0.10546391498916499
2707,0.09823488465029068
2709,0.1023979643899194
2712,0.1016096542973648
2715,0.09128232920672301
2719,0.07977504056630223
2723,0.09855496209094135
2725,0.1056572077264701
2730,0.11645805852762485
2734,0.08593257503490984
2736,0.09966460440000514
2737,0.08272205487484557
2739,0.1156062205229842
2743,0.08850730785989643
2745,0.08937523802977777
2750,0.09682808389584599
2752,0.10161777277418507
2757,0.08641485383653158
2759,0.06798292584787968
2761,0.0807625250102868
2763,0.08029814181625113
2764,0.10806364032315116
2772,0.10129453353598034
2774,0.08616826564629779
2776,0.08265867217130005
2778,0.0978299891429052
2779,0.10245699535627568
2781,0.0783295149540333
2782,0.08601956773529994
2783,0.0903625904223661
2784,0.07489914787860529
2785,0.0759500704215071
2787,0.06742851596866384
2788,0.07251504576829344
2789,0.08447762209496217
2792,0.07993825810380224
2793,0.08074901479960846
2795,0.09414068819963203
2800,0.09451528893850959
2802,0.08193185145490295
2803,0.08563359170644144
2804,0.08679409436070411
2805,0.09822351277659716
2808,0.1024412661930227
2809,0.07449094745175823
2810,0.08007094502079463
2811,0.08923482716790418
2816,0.09488257587185604
2817,0.10312426301153599
2819,0.08509983665170637
2820,0.07891334114493702
2821,0.10321209825537593
2822,0.09493098382031627
2823,0.0957226877105565
2824,0.09811467171894384
2826,0.09710548131642174
2827,0.09062408277696546
2828,0.09405150752633286
2833,0.0758243212630184
2835,0.10597934056291829
2836,0.08665865914279276
2837,0.07376853426186736
2838,0.08512514755542014
2841,0.08117335259181373
2842,0.07974458591261063
2843,0.0863096017528576
2844,0.07484575447424509
2845,0.0824854586422398
2848,0.08893793740556788
2849,0.0818634011720661
2850,0.10034200269363469
2851,0.09559088710072458
2852,0.08127884397778071
2854,0.10386937559446542
2855,0.09113013244668493
2857,0.07929133102971804
2858,0.10265938519376176
2863,0.08835068989337284
2864,0.1105205615283778
2866,0.08017457207932369
2867,0.0814917656551804
2869,0.09056625532708493
2870,0.08137758992608489
2871,0.07810422339915797
2873,0.090543715874865
2874,0.08139242795294149
2876,0.07585869592841235
2877,0.08745090016625541
2878,0.0789131683509581
2881,0.0821853426802681
2882,0.10908551147952593
2883,0.09635888282953715
2885,0.08579618993419395
2887,0.08358349516256215
2888,0.07794249151783628
2890,0.07687636293743697
2891,0.09373286876537279
2892,0.0935082882810511
2893,0.08921784559216647
2894,0.09428957376169872
2895,0.10403464784039501
2896,0.08212904104267964
2897,0.09460446484885117
2898,0.09502470855726361
2899,0.08756607176336578
2900,0.09772078104117896
2902,0.07447978919000132
2903,0.07449560951630294
2904,0.07666158175306323
2905,0.097549223242816
2907,0.09993929022764854
2909,0.08816282550474126
2910,0.07582060690861066
2912,0.08365756078922768
2913,0.07724655995485788
2914,0.0727424546544804
2916,0.10973791145498005
2918,0.08514429808052205
2920,0.09717658098048844
2922,0.09049506792337184
2925,0.07255230371826882
2928,0.0840278492792012
2930,0.07850868904014445
2931,0.08439150725307284
2934,0.1131765661633139
2935,0.08167485162800417
2936,0.07731078746112391
2937,0.08996305010187079
2939,0.08807360769200816
2941,0.07493241476060425
2942,0.05913990536852336
2943,0.06903896434580283
2944,0.09370934015514847
2946,0.108193947649273
2947,0.0930887624326071
2948,0.0859298690858076
2949,0.1094208928184921
2950,0.10626388187427357
2953,0.09131037948509667
2954,0.09445216843043953
2957,0.10665283920347099
2958,0.08078344301951884
2959,0.07819979798008748
2960,0.08068130632324365
2961,0.07863799882470895
2963,0.09963871693354713
2964,0.07073249232980927
2966,0.08963525544322186
2968,0.09547159022695244
2969,0.09147887613245653
2970,0.07926571894127626
2971,0.11896852610704076
2972,0.07437566105807984
2973,0.07892087405873416
2974,0.0739947179363144
2975,0.0747623879787419
2977,0.09749487210611014
2979,0.09568994486109178
2983,0.07873639726936138
2985,0.10594660162385709
2987,0.08611277503378463
2988,0.10453929937232213
2989,0.08378959302887337
2991,0.09978841004977478
2992,0.06511982427001188
2994,0.09140075868720932
2995,0.09105577742112904
2997,0.08629161749353732
2998,0.09321212973592295
3001,0.09549309899260273
3003,0.10980939984730255
3004,0.08570134514794045
3005,0.08071723148498734
3006,0.07600445842809715
3008,0.08131133526865211
3010,0.0723590489116073
3012,0.08121385045212672
3013,0.07730465724767399
3020,0.0922015618328632
3022,0.06972238350590788
3024,0.07524293929534288
3025,0.08596050839337059
3031,0.09036120029282212
3036,0.07485080931704348
3037,0.07872533800007969
3041,0.10309384897210458
3044,0.07221588424275757
3047,0.06858348621410833
3051,0.07255770853052697
3052,0.0835794256816151
3054,0.06849553386263725
3056,0.0728354005138736
3058,0.07506385641324645
3060,0.0838884892279405
3062,0.09695050567490994
3064,0.0733790632530728
3065,0.10146936539621478
3066,0.08097379955823646
3069,0.08682941226936636
3070,0.06737447659049454
3071,0.09647043914217845
3072,0.06925339813860118
3073,0.07816462165161028
3075,0.0697488325418025
3076,0.0855898447688958
3078,0.08412295045712258
3079,0.0818363961897855
3081,0.06782867764455629
3083,0.09891048770710748
3085,0.07784884475743527
3086,0.07351815127696502
3089,0.081070446932914
3090,0.08019037838995341
3091,0.08011160727430619
3092,0.09399727370832578
3094,0.08983096779742492
3095,0.06712512581553008
3100,0.08113743428259836
3103,0.07417431566916197
3104,0.08835107110886323
3105,0.06994860421663789
3107,0.06832384715265218
3108,0.07667766263937331
3113,0.07862685532144932
3114,0.0929554143824905
3115,0.09891150213727291
3116,0.08981746729912235
3117,0.10130809360897972
3119,0.07197000018443225
3120,0.08359263680172072
3121,0.0717097373955186
3122,0.07284738828344196
3123,0.08308320799503532
3128,0.07746473229621695
3131,0.07967659349245418
3135,0.07907445929677236
3136,0.07272451384690425
3137,0.08973061834394937
3138,0.08322049945872426
3139,0.09841892244984214
3140,0.08567202547093018
3141,0.07478088308926774
3142,0.0995867491487023
3149,0.09396807968666808
3151,0.07655058055635572
3153,0.07924136043093162
3156,0.06756319391650266
3158,0.06827231527634846
3159,0.06645578876389156
3160,0.07160037614208088
3161,0.07178120687393302
3162,0.0856543088459016
3163,0.09936307995467354
3164,0.09056974472399647
3166,0.07764020280465937
3167,0.10217470534213392
3168,0.06701862874335356
3169,0.09244207873855748
3170,0.08617657506643264
3171,0.08510198664558215
3174,0.08196386502414203
3175,0.07535466717087513
3176,0.07382543181874847
3177,0.08472698272907346
3181,0.08452346735487813
3182,0.07880010376644071
3183,0.096711797197507
3184,0.09184324497174495
3185,0.09929394428091941
3186,0.08262466002001237
3187,0.08330281788896293
3188,0.07363968542524346
3189,0.08860255677422228
3190,0.08433827599812864
3191,0.1073251130364492
3194,0.08737291602418366
3195,0.08889444603125767
3200,0.0732843745309299
3201,0.07619132919646014
3202,0.08058435743714022
3207,0.09053155933524674
3209,0.10048303148415241
3211,0.07788225349087109
3212,0.08105368673767356
3213,0.08954866579186348
3214,0.07836221919289955
3215,0.08316837999576163
3218,0.08323928099680473
3219,0.08529373522728273
3220,0.06951350967950612
3221,0.08589685447733819
3223,0.09506806236531497
3224,0.07823951637097888
3225,0.09910149465646927
3226,0.08239052654309863
3227,0.0750261039939085
3228,0.09007065654689794
3231,0.07126294405769178
3232,0.0673838602855517
3233,0.06739202201163098
3234,0.06785638951362002
3235,0.08777067857246282
3236,0.08865914932305614
3239,0.08808427981740229
3240,0.08204640406807179
3241,0.1081314263915044
3243,0.0879350447383285
3244,0.06008747626400045
3245,0.06921860162745544
3246,0.073924642657856
3249,0.10421084276299387
3251,0.0654276856972374
3254,0.08637445755385359
3256,0.06508959029358313
3257,0.0766766669028952
3258,0.07999032627944398
3259,0.1029742506828591
3261,0.07652638294489468
3262,0.09102152588304847
3263,0.09815772694278699
3264,0.07867679330294768
3265,0.07022936000241282
3267,0.0908883369589713
3268,0.06549212676382085
3269,0.07793949364811002
3271,0.0916369209146907
3273,0.07808328799788555
3275,0.08826612901899134
3276,0.07398318184688261
3277,0.07296921240904627
3278,0.0734789024248972
3279,0.09757321378032664
3280,0.08363421941522826
3281,0.08609831530250879
3282,0.07169407890164023
3283,0.07827322620358622
3284,0.08217142941125301
3285,0.06789184677450008
3286,0.0783160489744729
3287,0.09191807103352045
3289,0.08451518209445213
3290,0.0634857470836454
3291,0.09524072183917692
3293,0.07561354067717435
3294,0.06782403431115863
3295,0.06885049276498803
3296,0.09671221002503073
3297,0.07335714912282763
3298,0.08786311466801774
3299,0.0882840081558721
3300,0.06643136555226087
3302,0.07703498798764703
3303,0.07454149188620889
3304,0.06604519909883382
3305,0.06648274452563688
3306,0.07727816050509195
3307,0.07727074452108422
3308,0.08432821934155284
3309,0.07644776098817581
3310,0.07722078147219934
3311,0.09472791874973127
3312,0.07735696549968488
3313,0.07974473721807578
3314,0.07493917474592586
3315,0.09252273535638414
3317,0.07897631572605487
3318,0.09552761337780492
3319,0.06520018186736712
3320,0.08120987385224426
3322,0.0778959179546676
3324,0.0937242074470539
3325,0.08076624080842887
3326,0.07620141456915959
3327,0.07387953452482231
3328,0.09329995574629393
3329,0.0678489135000051
3331,0.06516068850738423
3333,0.06517498425950975
3334,0.0786272800524875
3335,0.08828282307296814
3336,0.07101805064103522
3338,0.07387435602084741
3339,0.0841878102666356
3340,0.09286888272231392
3341,0.08749835750170049
3342,0.07494791114144385
3343,0.0777743884101745
3344,0.06947125577750135
3346,0.07611525674422807
3347,0.07299635123387123
3349,0.07935679970156614
3350,0.07048181073916616
3352,0.06613578688305281
3353,0.08359225084261802
3354,0.07731226553684804
3355,0.09261685786960139
3357,0.0757397170071023
3358,0.0874961521593209
3360,0.0772106042070016
3361,0.08043548111075333
3362,0.07824383433155555
3363,0.09120928709271485
3365,0.06936661206584378
3367,0.08698706350206697
3368,0.09152357620127347
3369,0.092240964363366
3370,0.076365840439736
3372,0.074673663899053
3373,0.08027047720817099
3374,0.09759991004927211
3376,0.09242879430384769
3377,0.08469971329192413
3378,0.08443900404408698
3379,0.07067080935340937
3380,0.08680495876440056
3381,0.0633803376359674
3382,0.08206915598494088
3385,0.07645462997067251
3388,0.07730681022615585
3390,0.09425903161446234
3391,0.06667826371081005
3392,0.0792087419573663
3393,0.08076730796039407
3394,0.08927731956272923
3396,0.08921834588910156
3397,0.0771101280246934
3398,0.0887648810697255
3400,0.08629924736995176
3401,0.07507108496789762
3402,0.08325264222058162
3404,0.07939121138843416
3405,0.09045284016195153
3406,0.06213879573181832
3407,0.08171825849784725
3408,0.09035931408462372
3409,0.07769958091715558
3411,0.080995759536997
3412,0.06565574434102221
3413,0.08647229830145174
3414,0.06585775642051991
3415,0.06114746927507516
3417,0.07569323298517772
3419,0.0714371670144893
3420,0.08406077080863582
3422,0.06152829612247287
3424,0.08603337504236061
3425,0.08656023925965811
3426,0.0763797220350415
3427,0.0690032701991011
3428,0.07816439607835368
3430,0.06919054364449836
3431,0.09513488316507274
3432,0.0688846820801069
3433,0.08733850320885246
3434,0.07734197306810653
3435,0.06866688725266389
3436,0.07083471313644701
3438,0.09300518735131216
3439,0.05825159695707889
3440,0.07520034018524216
3441,0.07666070826825416
3442,0.0641668605907156
3443,0.0703550620224752
3444,0.07678421530591614
3445,0.08012367471560967
3446,0.08937019277456301
3447,0.09699122653535035
3448,0.07980642502946714
3452,0.06970085894823967
3453,0.08527936384759804
3454,0.07572161138981608
3455,0.08015665672387408
3456,0.07653147881641316
3457,0.09354831226741218
3458,0.07528258483464938
3459,0.08563506195882228
3460,0.07841046175698728
3461,0.07776796239135866
3462,0.07270101224429176
3463,0.07683797762965981
3465,0.09155517857529882
3466,0.08819852870138208
3467,0.07250398499630242
3468,0.07158593958042682
3469,0.09090156141897028
3470,0.07086598553230866
3471,0.08122069310459393
3472,0.07838903443661256
3473,0.06541728897012189
3474,0.08585303842768027
3475,0.0735368426176012
3476,0.09461034403611471
3477,0.0713998145731491
3478,0.07215864484333927
3479,0.09358307466752427
3480,0.07754389282773963
3481,0.08619906391699853
3482,0.06616783780918838
3483,0.09647876145393683
3484,0.06710388325179552
3485,0.07706250707327789
3486,0.09960966192264857
3487,0.08815838689158474
3488,0.06378640308878011
3489,0.060680102010236714
3491,0.08550901510559117
3492,0.09514824401616984
3493,0.09105358081310483
3494,0.07857981083364372
3495,0.0940631992869988
3496,0.08040354105912274
3497,0.06407798018880465
3498,0.08202300279636673
3499,0.05676739267349652
3501,0.06676907353609707
3502,0.06810810430825683
3503,0.0756313925253528
3504,0.06724266855604413
3505,0.06563689448239875
3506,0.09119340787084351
3507,0.07697773570443243
3508,0.07210396982481873
3509,0.07254873992767218
3513,0.09738722405079121
3514,0.06250451299121698
3516,0.07576185014814585
3517,0.07590343436448257
3518,0.08527225885388443
3519,0.0739377557243843
3520,0.09271258297501021
3521,0.09532878937391721
3522,0.07526954399209378
3523,0.07990981630835206
3524,0.08525594845126752
3525,0.10957742338968489
3527,0.07795644836989335
3528,0.09246226678539717
3529,0.06828004244511081
3531,0.08268358808096647
3532,0.07471162101950402
3533,0.07756061211250197
3534,0.06692202221483692
3535,0.07548673365203086
3536,0.0785442567730425
3537,0.0763104442285504
3538,0.07458946658533189
3539,0.0815239653483065
3540,0.0867637764031057
3541,0.0601750710371357
3542,0.07938860642098557
3543,0.0669918831421651
3544,0.09335321833159962
3545,0.09116890379406688
3546,0.07085171680828815
3548,0.05616193774919821
3549,0.1024038752631619
3550,0.0684564336940415
3551,0.08377408877151934
3552,0.07339322707092617
3553,0.06857084101111786
3554,0.07498605296893278
3555,0.07366371921679954
3556,0.06658749864076013
3557,0.06811265488872945
3558,0.07344119162072542
3559,0.07640348514174353
3560,0.09250572468090865
3561,0.08000801144969832
3562,0.07130256983377381
3563,0.06252674710088751
3564,0.07721044883183187
3565,0.08958584852380917
3566,0.06658379255148728
3567,0.0768589455287293
3568,0.06855909210592202
3569,0.07884109427581477
3570,0.08486287436093795
3571,0.07027968133121706
3572,0.0772230980059493
3573,0.07440827572526461
3574,0.07295139913745695
3575,0.08293952708085707
3576,0.07903545305951197
3577,0.07616019057085106
3578,0.08070926028616415
3579,0.07281464006571356
3580,0.07802993860194529
3581,0.08326802598523299
3582,0.06421231580946422
3583,0.07974484814065191
3584,0.07502983449755389
3585,0.08450975750275243
3586,0.0838993139025441
3587,0.07469771682704555
3588,0.08332967369369502
3589,0.06831803703403978
3590,0.06669731042384144
3591,0.08100739378378655
3592,0.08348939625960358
3593,0.08307199860529876
3594,0.09001721888843557
3595,0.09000140772619185
3596,0.0807430612529405
3597,0.09387618386107689
3599,0.09270686114220927
3600,0.07604670356075298
3601,0.09093445722961303
3602,0.07561617186729569
3604,0.07749501863215201
3605,0.06767517497437862
3606,0.06730240608886814
3607,0.07656042863433857
3608,0.07150684504870722
3609,0.0889041172347397
3610,0.0949278509305157
3611,0.06925312321930888
3612,0.0676211766845076
3613,0.06232719944065044
3614,0.07020463570293267
3615,0.06577800920037313
3616,0.08261974198983314
3617,0.0778502292629521
3618,0.07346621260383332
3619,0.06657607934609899
3620,0.07067677215883753
3621,0.07037298629097953
3622,0.06498897607648102
3623,0.07463733052946299
3624,0.06497759915131514
3626,0.06112508755995417
3627,0.07811984155375754
3628,0.0926874042632013
3629,0.07225699284640091
3630,0.07527238938273642
3631,0.08415298865584106
3632,0.07811811481122405
3633,0.08077577454481812
3635,0.06432474313681108
3636,0.0827677700440018
3637,0.07019025872991311
3638,0.06938878755262531
3639,0.07688279017644596
3640,0.07666759185819177
3641,0.06940641838730957
3642,0.09520374683216128
3643,0.07221122263308578
3644,0.08092953652687736
3645,0.07424994581119526
3646,0.10716171092339682
3647,0.07354553706528189
3648,0.0838018107178841
3649,0.09563402210040126
3650,0.09307174010473708
3651,0.09748272435244384
3652,0.08051745145581363
3653,0.08115159875269704
3654,0.07764170682466567
3655,0.06799636007174431
3656,0.07356977337055488
3658,0.07795272071753213
3659,0.0676067290349553
3660,0.0741445772811779
3661,0.06959986907412982
3662,0.07104485198831897
3663,0.07123333798339
3664,0.07113232132557389
3666,0.07688914189621637
3667,0.08001289366633173
3668,0.08325008239307073
3669,0.10631279293993956
3670,0.07709023045421318
3671,0.07549607033426065
3672,0.08510101779682533
3673,0.08242962911844216
3674,0.07535908300723061
3675,0.10632780276071516
3676,0.09390549642636971
3677,0.08673962031528511
3678,0.08642088492550636
3679,0.06843002390922877
3680,0.0789474988937415
3681,0.0725041182421464
3682,0.06960199793627178
3683,0.07356074101347916
3684,0.07524615416590252
3685,0.06829805414376067
3686,0.06396855919954458
3687,0.07795506063923678
3688,0.08068973319206492
3689,0.1006841370056467
3690,0.0710633050830108
3691,0.07000087375766006
3692,0.07653193631353275
3693,0.07996345583006938
3694,0.07409826938064627
3695,0.07585332510581622
3696,0.06507519627372191
3697,0.06292451384888258
3698,0.08012790031851671
3699,0.08132218694905735
3701,0.07911176257555383
3702,0.07262316787832974
3703,0.06754382444972887
3704,0.08560928564061308
3705,0.07790444886639368
3707,0.09121239196683677
3708,0.07976436553874963
3709,0.07386022235933794
3710,0.06923161208520312
3711,0.06374372003071581
3712,0.07253258034908382
3713,0.06328663289758557
3714,0.06602048078182488
3715,0.07887451122007919
3716,0.05587574108136225
3717,0.07097646108553995
3718,0.07307169808283177
3719,0.06653175442238095
3720,0.08252119865966105
3721,0.05835758059197535
3722,0.07246203959604129
3723,0.07250766213075423
3725,0.0784441125327585
3726,0.07020193156022525
3727,0.08333211002415761
3728,0.07721374905328467
3729,0.0856934634825804
3730,0.070810100423915
3731,0.06877899847837961
3733,0.07720578616553761
3734,0.08474397663390672
3736,0.08209003721440562
3737,0.07306916739601566
3738,0.0823878334588355
3739,0.08954455560796756
3740,0.07333561406874324
3741,0.07034202939104338
3742,0.06676100845120123
3743,0.060901073029247396
3744,0.06044432683821374
3745,0.0751574491134307
3746,0.0661345537520139
3747,0.06731333165399946
3748,0.07437323277742101
3749,0.06735233230765132
3750,0.08300237341807737
3752,0.06917053236328624
3753,0.0772380487488077
3754,0.10127650223058783
3755,0.0836739915976041
3757,0.0773086966760582
3758,0.09826147513491594
3759,0.07815636152271387
3760,0.08217523210204346
3761,0.0761838462953503
3762,0.08494514164659102
3764,0.09058967924902404
3765,0.0720021872712148
3766,0.09500186496677426
3768,0.09816827385036367
3769,0.07563777268303484
3770,0.08247911726026216
3771,0.06395031019596682
3772,0.07210944675319567
3773,0.08415793075447225
3774,0.07562006617520797
3775,0.06936234500751068
3776,0.06866438598122387
3777,0.07155012195989517
3778,0.0918212606960136
3779,0.058556257006562064
3780,0.06311499868344062
3781,0.07367416207730729
3782,0.07735050114059211
3783,0.06339520304008399
3784,0.07373431689610296
3785,0.0749989329215488
3786,0.08492129357844194
3787,0.07855313857928639
3788,0.0698725004646293
3789,0.08892194329841079
3790,0.08020634480283269
3791,0.09240023349928704
3792,0.06544463173424837
3793,0.09213432850832227
3794,0.09730852024307951
3795,0.07581079659979181
3796,0.07749004969159488
3797,0.06895548918197797
3798,0.08621664612678967
3799,0.06433295463599581
3800,0.08687133574942794
3801,0.07899689136255948
3802,0.07793235811367703
3804,0.07298003172923995
3805,0.059955639435762806
3806,0.10835484109347238
3807,0.07222668344343651
3808,0.07019249255220879
3809,0.08400012134224501
3810,0.08537716265229318
3811,0.07003525787716462
3812,0.0746843034494315
3813,0.07329166883419265
3814,0.06876635032240332
3815,0.0772423375474379
3817,0.09270609540462527
3818,0.08101904633762458
3819,0.08583128032332947
3820,0.07932256887753995
3821,0.09351693526518975
3822,0.07108114794993753
3823,0.07762678210576818
3824,0.09515123061922737
3825,0.0635511617283143
3826,0.07066016574405795
3827,0.07129041549477184
3828,0.07507387105260774
3829,0.08214401578751532
3830,0.07991632852284417
3831,0.07393867962096567
3832,0.07542512446673477
3833,0.0658694846259984
3834,0.08385990755450266
3835,0.09503209563322307
3837,0.06625364423730777
3838,0.06542663408059295
3839,0.07912922598737165
3840,0.08304854847322005
3841,0.07069689970244826
3842,0.07225813095607378
3843,0.07405929793339551
3844,0.1014209404616571
3845,0.0796754018685629
3846,0.08415414674119506
3847,0.0736315133625071
3848,0.07319430860766013
3849,0.06053917821770717
3850,0.06873542001390576
3851,0.08686611389706693
3852,0.07812998548335126
3853,0.07177323513754114
3854,0.06838040010368887
3855,0.09360323144003373
3856,0.09231060599514715
3857,0.08028794371625596
3858,0.07151773945198603
3859,0.0903611203164917
3860,0.07827016631988229
3861,0.09015774119517182
3862,0.08112769334140782
3863,0.07440222174212058
3864,0.09525767498527862
3865,0.0824050356279613
3866,0.08394967089147859
3867,0.07225102946081916
3868,0.07607800549409321
3869,0.08988873242410113
3870,0.06692400207346495
3871,0.0826364477246373
3872,0.0784810561416115
3873,0.07483325484323183
3874,0.06831781226601256
3875,0.06874064980422148
3876,0.0663821079459951
3877,0.07975607965168166
3878,0.0845637680865496
3879,0.0734813347795581
3880,0.07611512940115321
3881,0.07196785708821776
3882,0.0711262744252544
3883,0.07727085184655
3884,0.07773772575586634
3885,0.07591190551138995
3887,0.07540959049486803
3888,0.0652675610675578
3889,0.07625953482632924
3890,0.07977144609613113
3891,0.07044558624031164
3892,0.06829187982878177
3893,0.07295508069230995
3894,0.07503209343254412
3895,0.07015423766295183
3896,0.07614038615075046
3897,0.06855506211302323
3898,0.0640919277294605
3899,0.07631094846852735
3900,0.08427537553154803
3901,0.0800409121061901
3902,0.08176453482159986
3903,0.059435490500035354
3904,0.06475849080372034
3905,0.06458612400544955
3906,0.07005615744744607
3907,0.071282894850701
3908,0.06388550524547519
3909,0.05853924765862804
3910,0.08336268750904878
3911,0.07347982752491354
3912,0.07221559494615322
3913,0.09573874563012438
3914,0.08781053173809494
3915,0.07750859128654625
3916,0.08773447980994202
3917,0.10860301807922981
3918,0.0708706278756577
3919,0.07672247412923665
3920,0.0719253627714363
3921,0.07860444175323185
3922,0.08153846387292962
3924,0.11187821670516016
3925,0.08247198396410915
3926,0.08869439623511645
3927,0.08759764899419087
3928,0.06976148319261667
3929,0.06386443779228583
3930,0.06890506497515916
3931,0.07511786814590239
3932,0.07606635965578479
3933,0.06549243063505623
3934,0.07210110224792995
3935,0.07678189669036302
3936,0.08329892056630715
3939,0.07261138312074067
3940,0.06304130141835769
3941,0.06188072984148023
3942,0.060441588326791564
3943,0.08410899204141788
3944,0.07954326257755039
3945,0.0708212091567706
3946,0.06465251525240394
3947,0.07077232430964901
3948,0.08018656339409484
3949,0.08673336963286016
3950,0.07289700430139355
3951,0.07201225136198366
3952,0.06091089869134136
3953,0.0772464922374836
3954,0.08514715565762748
3955,0.0710382256949192
3956,0.06878024863340934
3957,0.07895025580877556
3959,0.06278709665093199
3960,0.05653557519995851
3961,0.07022220044651538
3962,0.09959382025355089
3963,0.07885936130278928
3964,0.08687415900611764
3965,0.08154328509067672
3966,0.07092173486071807
3967,0.0758449401975548
3968,0.08127409735053659
3969,0.08392239968433457
3970,0.08069682937022706
3971,0.089709174908722
3972,0.10379331856029718
3973,0.07754388099934921
3974,0.07500710679862733
3975,0.07058115026753974
3976,0.0755546364668212
3977,0.08989125617161037
3978,0.06773855132717783
3979,0.08788122475919158
3980,0.08124549908048438
3981,0.06263473048996512
3982,0.07823323813374773
3983,0.06343861699587465
3984,0.07082593544917248
3985,0.07338740664584885
3986,0.06667357332263865
3987,0.07062245123126422
3988,0.07108152443798955
3989,0.08389326924919793
3990,0.06929171954238436
3991,0.1206894054212406
3992,0.07127007095802136
3993,0.07595708137017322
3994,0.08224440360826571
3995,0.061223806678008995
3996,0.07365864290074566
3997,0.06883668423808031
3998,0.0644365982563437
3999,0.07281349942112562
4000,0.06797671234808285
4002,0.06640774070007091
4003,0.07038991486398959
4004,0.0853215086636423
4005,0.08511319105919676
4006,0.06119864449279173
4007,0.06743284568585999
4008,0.08253124191061825
4009,0.06175908706200457
4010,0.08242948817992718
4011,0.08218729048398836
4012,0.06679240029779296
4013,0.06274857515718582
4014,0.08153485311329514
4015,0.07478412455157347
4016,0.072644433863655
4017,0.07293615496770331
4019,0.07203618201860597
4020,0.08873641732172843
4021,0.06910853709654687
4022,0.07297304625921361
4023,0.06608878288661062
4024,0.06196558233279933
4025,0.06850246934178336
4026,0.09255477460539688
4027,0.07373649524815197
4028,0.06503311540554056
4030,0.06582598376958908
4031,0.07700433249414443
4032,0.0978182670242684
4033,0.06468605879195106
4034,0.07324441869710195
4035,0.07366242967479544
4036,0.07450927872028969
4037,0.0773647967077179
4038,0.09119483497648392
4039,0.0716312883775841
4040,0.07039216494935052
4041,0.09106204157592801
4042,0.06623387806119291
4043,0.07158097235988778
4044,0.06501444534285918
4045,0.06760266424006195
4046,0.07657102688334347
4047,0.07438142826875684
4048,0.07866617883887998
4049,0.08218781469090229
4050,0.07657583829459264
4051,0.08577797246224254
4052,0.07343377911919124
4053,0.07223138819753545
4054,0.08212786543600478
4055,0.06401406453358816
4056,0.08323301080959672
4057,0.05978213069297352
4058,0.07631399922296633
4059,0.08293417156404743
4060,0.07641279847787631
4061,0.06433916226164596
4062,0.07208369465271199
4063,0.06872479593232482
4064,0.07391944662120582
4065,0.071689866732197
4066,0.06711034468479286
4067,0.06981500300762723
4068,0.07084220906042417
4069,0.07709836231673495
4070,0.07378011836665005
4071,0.08484195482327672
4072,0.06419650224592786
4073,0.062414286157794895
4074,0.06259073378185344
4075,0.06042786757709858
4076,0.08116884019799961
4077,0.0666219570064435
4078,0.07570150445852195
4079,0.06929459134647892
4080,0.06409714353393783
4081,0.08013833691165938
4082,0.0792169045706863
4083,0.07100259937980608
4084,0.06798409705223625
4085,0.08607737931093051
4086,0.07024200617055995
4087,0.09216624364092245
4088,0.08113067106243979
4089,0.06778012561698761
4090,0.06533739623428317
4091,0.08676076292613794
4092,0.07708603311057474
4093,0.0808581575589014
4094,0.07704196842237593
4095,0.06904605464542377
4096,0.06711252358541579
4097,0.0860131067991088
4098,0.08313511828594883
4099,0.0570511993538847
4100,0.07931442180544293
4101,0.07961070312191622
4102,0.06306943755616248
4103,0.08505336868896148
4104,0.0810966888131309
4105,0.0802162928140791
4106,0.075787181953253
4107,0.0893032206623242
4108,0.07065269226533502
4109,0.06800075316700202
4110,0.0748634360395398
4111,0.08283931964746062
4112,0.07889617164866551
4113,0.0689483691146103
4114,0.07836624380693984
4115,0.09567208224565085
4116,0.07605573570579179
4117,0.08137602964676469
4118,0.06812027665321363
4119,0.08158775480965264
4120,0.06890631095202292
4121,0.07892153511513872
4122,0.07575497165388549
4123,0.08462964923793091
4124,0.07708760956299889
4125,0.10670292983996671
4126,0.07020869159732768
4127,0.08924446026046873
4128,0.07393299037319638
4129,0.08933330920947617
4130,0.11719794381738151
4131,0.07347195711373303
4132,0.09614130394702976
4133,0.07767351765664031
4134,0.07136801193112637
4135,0.10477629818474588
4136,0.06681447348956246
4137,0.06740895973165922
4138,0.0742639088884473
4139,0.0741264739786211
4140,0.07018689440725061
4141,0.08561024550325677
4142,0.06963396791431585
4143,0.07488655345624122
4144,0.06600580976100429
4145,0.076772535202455
4146,0.07736764608604096
4147,0.07959726934806713
4148,0.06512386471847241
4149,0.07187870364660731
4150,0.06898813498694593
4151,0.08042653765023176
4152,0.07383535777206408
4153,0.09286903833013438
4154,0.07794107129471424
4155,0.06294627201704016
4156,0.07928834609649196
4157,0.08782133661296991
4158,0.06244531310715742
4159,0.0682367803767118
4160,0.08547731159565718
4161,0.07318038997992415
4162,0.09621358725112716
4163,0.06625840652795145
4164,0.07690663445012919
4165,0.0942361740478933
4166,0.06035662969030062
4167,0.0792564805825468
4168,0.06753958908063273
4169,0.08584898667453604
4170,0.08750949415144353
4171,0.0772114300386143
4172,0.07119584232608586
4173,0.07504373706958876
4174,0.06536625332001468
4175,0.07065775620301458
4176,0.0774629235370947
4177,0.07653238996624102
4178,0.09917356556906846
4179,0.070297780426263
4180,0.07743801114623573
4181,0.07201784985203315
4182,0.08015455888160654
4183,0.07565365404195176
4184,0.08027885453545199
4185,0.08872510068892692
4186,0.08559379136803578
4187,0.07789046872720176
4188,0.07242006472121473
4189,0.07856227398462906
4190,0.07650634055400553
4191,0.08154308677004034
4192,0.08425539506141122
4193,0.06830298372336391
4194,0.08964496782721264
4195,0.070726994911359
4196,0.09367791277205763
4197,0.07718577050108236
4198,0.08532365998390774
4199,0.07118903735221153
4200,0.08023620295204238
4201,0.07937316604314155
4202,0.07987993395137853
4203,0.06660371455793127
4204,0.09788328016246678
4205,0.06705492189271306
4206,0.08593647109299779
4207,0.06653569092465589
4208,0.064860916552775
4209,0.06375326307663143
4210,0.07480371719522236
4211,0.07260987122667997
4212,0.07853958803808482
4213,0.06712688864461858
4214,0.07207249735357983
4215,0.07624690668027256
4216,0.07158788901758074
4217,0.08881781206891373
4218,0.06581041607516547
4219,0.07013370631449443
4220,0.08261108951277696
4221,0.08514308930242584
4222,0.08196350732132779
4223,0.10233583758641926
4224,0.08238530313155637
4225,0.07893558358553474
4226,0.07859509801492655
4227,0.07652310759390916
4228,0.07058345322193889
4229,0.0792952032320359
4230,0.06833682126385218
4231,0.07397141964862913
4232,0.08919210059140964
4233,0.07119829927170136
4234,0.09261067455263908
4235,0.08872499204748635
4236,0.06297466085283368
4237,0.07696101559695316
4238,0.07240221626146243
4239,0.07289269264099377
4240,0.07163173038439992
4241,0.07546352495637493
4243,0.08763955731419174
4244,0.07210898647895776
4245,0.08192741927847383
4246,0.07746450463337973
4247,0.07790468920574878
4248,0.08685582219958637
4249,0.0893837330548258
4250,0.08449945492795237
4251,0.08216005976787817
4252,0.08187400743459766
4253,0.07966293701528672
4254,0.06907540632970835
4255,0.12829578987325327
4256,0.06886219335468988
4257,0.07159700903197161
4258,0.07936017645764258
4259,0.06419374610536357
4260,0.08010047499453346
4261,0.07147970890417547
4262,0.06656083188440803
4263,0.07948046753499055
4264,0.06624154802824761
4265,0.09799987600679017
4266,0.06720109688690365
4267,0.08637213740562996
4268,0.07340671392319789
4269,0.06669803844648907
4270,0.09065919694078979
4271,0.07628376277441629
4272,0.06730389876655617
4273,0.07729924786087344
4274,0.07898292028470924
4275,0.08842248725749452
4276,0.08012060283063996
4277,0.08192944343538085
4278,0.06308458068443117
4279,0.09578286812682893
4280,0.09776312707718124
4281,0.0744915053968045
4282,0.09537687886235963
4283,0.09103583830570323
4284,0.09868627798471533
4285,0.09030474388057369
4286,0.06979822591367499
4287,0.06158060309724813
4288,0.06718539891439596
4289,0.07825828826910905
4290,0.0734253319571692
4291,0.09317823133280517
4292,0.070422679423523
4293,0.07033255781034403
4294,0.07892864683831773
4295,0.0741733196456144
4296,0.06730430794683658
4297,0.05664684343989029
4298,0.07047915514981895
4299,0.0790291097278419
4300,0.09226319059371622
4301,0.07939142598844047
4302,0.07177700082521693
4303,0.07400661151056818
4304,0.075168305121176
4305,0.06877505861207424
4306,0.08789878719066017
4307,0.0991935827212915
4308,0.06483042339024526
4309,0.0892799248790704
4310,0.08076306922533587
4311,0.07921451513957033
4312,0.09515433667675466
4313,0.08878683495062746
4314,0.07367331548399067
4315,0.07616101423442752
4316,0.07542694426984212
4317,0.08552948420028246
4318,0.0660565645686827
4319,0.08145287634777097
4320,0.06211636311563307
4321,0.08102023568146431
4322,0.09478188862284356
4323,0.0865975942951186
4324,0.06934228533315218
4325,0.07192841104626692
4326,0.08910716204059266
4327,0.08361696690820412
4328,0.09786612337215643
4329,0.08468884208334915
4330,0.06756262947696673
4331,0.07607903791103292
4332,0.08369300560479496
4333,0.08355020608442536
4334,0.10133983045281975
4335,0.062032229262639994
4336,0.07887573825659902
4337,0.06413767660947947
4338,0.08308525900267516
4339,0.08319285906135471
4340,0.08860099080187743
4341,0.10070844386522725
4342,0.0672854431158802
4343,0.07468665659110124
4344,0.06805922660706153
4345,0.08283219451420737
4346,0.07634814414070283
4347,0.07397223652928334
4348,0.07557556893577785
4349,0.0855940569107947
4350,0.06757817486336831
4351,0.08072790645771029
4352,0.07523609934131993
4353,0.08782070996826306
4354,0.09301331915598447
4355,0.08052151797305171
4356,0.07815455094637824
4357,0.08092953930579111
4358,0.0756949979272281
4359,0.0706212021029911
4360,0.08320569357617486
4361,0.06880544652383067
4362,0.0666625432150481
4363,0.072717618456884
4364,0.0626177663099368
4365,0.08075715224133237
4366,0.06833091373186076
4367,0.09244699973630638
4368,0.08357708570579833
4369,0.07933048667030539
4370,0.0772073669560703
4371,0.06706953820364704
4372,0.07719801959471223
4373,0.09177704892004707
4374,0.0711294694805905
4375,0.0785121124559083
4376,0.06445935114253358
4377,0.07729829674898471
4378,0.08340624035785026
4379,0.07810862311328322
4380,0.07983323935294077
4381,0.08176753372461229
4382,0.07392168626163075
4383,0.07684998691823346
4384,0.07465097355618801
4385,0.08812847592694953
4386,0.08078902613201235
4387,0.06674251125520264
4388,0.08012089455078288
4389,0.06996573222363939
4390,0.07848312519849303
4391,0.07392333651908589
4392,0.08507037325374375
4393,0.082777051144018
4394,0.08100291399815585
4395,0.08609946617203516
4396,0.07929628191500615
4397,0.06465903075426846
4398,0.07209464122253227
4399,0.07211006871158107
4400,0.08528518856259074
4401,0.06719051788512674
4402,0.08243406859987869
4403,0.07368876056301639
4404,0.08415854222610014
4405,0.07815652867935352
4406,0.0769692380124157
4407,0.07559687705329042
4408,0.08722796714958748
4409,0.06432264359329852
4410,0.07200397088333693
4411,0.07713127555762588
4412,0.10161554987647885
4413,0.07575618368064109
4414,0.11921142741008449
4415,0.06725975964662731
4416,0.08610252340568347
4417,0.0741498482001082
4418,0.06916075710867636
4419,0.08213766420083596
4420,0.07720749776262457
4421,0.07741341134767672
4422,0.07765111428864484
4423,0.076520558666364
4424,0.07004094202214556
4425,0.07530919470441823
4426,0.09094050904474327
4427,0.07492711645957381
4428,0.07877834703967268
4429,0.08498783488439166
4430,0.07201541389844189
4431,0.0820448849790551
4432,0.07620624408543689
4433,0.08186546819318119
4434,0.07461272875665331
4435,0.07679112496450677
4436,0.07214501057402312
4437,0.07298578720781887
4438,0.06960143126861301
4439,0.08596862912759692
4440,0.08560500071666241
4441,0.08052406777927124
4442,0.07719989135053631
4443,0.0828363531227384
4444,0.0681212665787542
4445,0.06859668493923618
4446,0.06641071477634612
4447,0.09071086773200937
4448,0.07343117653578946
4449,0.08749368726588523
4450,0.08105061669666452
4451,0.06741985661003091
4452,0.07629840838558281
4453,0.07468601217901977
4454,0.10916579473513498
4455,0.10806098198008914
4456,0.07957903497975208
4457,0.08488385318817726
4458,0.07273045934084599
4459,0.05998708128687255
4460,0.06696559397285777
4461,0.09800265638456455
4462,0.08627665350577254
4463,0.07314261888969799
4464,0.08182772341202078
4465,0.08754782296192896
4466,0.07343746756849553
4467,0.07363747759047036
4468,0.0655796423631132
4469,0.07798960668832462
4470,0.07570398397040044
4471,0.07322784085347495
4472,0.06686426039780358
4473,0.09029231777267084
4474,0.08544061909135611
4475,0.07015485737656059
4476,0.11593543738230189
4477,0.06038672695145581
4478,0.08308597341248859
4479,0.08112342010767945
4480,0.09401828887024162
4481,0.10470067684125949
4482,0.0763357152835922
4483,0.06773180808022121
4484,0.08751858804788307
4485,0.08292885080707703
4486,0.08246514007052871
4487,0.07716815693986909
4488,0.06975393534374785
4489,0.07320453494158842
4490,0.09006644269035119
4491,0.08679556356698245
4492,0.06711733591743996
4493,0.10574698431750462
4494,0.06973360930704842
4495,0.07572819957116256
4496,0.07784559912701021
4497,0.06869752050859936
4498,0.07914512786494354
4499,0.07967084191257802
4500,0.06877379195474713
4501,0.06919888401273427
4502,0.06751428265584758
4503,0.06462601695076604
4504,0.0655803136078105
4505,0.07920519029537798
4506,0.0691378659046332
4507,0.10733388768138763
4508,0.09063976446146559
4509,0.07706474898647404
4510,0.09110721368517255
4511,0.07585742818382424
4512,0.07072388441323406
4513,0.07542839488897689
4514,0.08273646217739962
4515,0.06790349578350348
4516,0.07131232469270468
4517,0.08325186921401258
4518,0.07499553847128108
4519,0.08148550083143535
4520,0.07611334373089053
4521,0.08959062637046962
4522,0.06680225569525514
4523,0.07423197979030413
4524,0.06670047890615434
4525,0.0777881254158324
4526,0.0660504631417829
4527,0.07970505840100275
4528,0.07448329564989656
4529,0.08184177300467128
4530,0.07579594699914584
4531,0.07276824487700874
4532,0.07656271427711937
4533,0.0773719823566444
4534,0.08778666516312149
4535,0.07395034929076207
4536,0.08370436309029533
4537,0.06832136607648259
4538,0.07609742390822978
4539,0.0631729078971525
4540,0.0809157239192694
4541,0.08924687743452377
4542,0.08015730262283702
4543,0.08148310516468617
4544,0.07511111211309343
4545,0.06457646432050906
4546,0.08398371090316403
4547,0.07181310214628261
4548,0.08887333175012915
4549,0.08042915464854025
4550,0.07355945271743464
4551,0.08551913939916204
4552,0.07737309269288764
4553,0.07540857080467588
4554,0.09142035599432703
4555,0.07938499652295575
4556,0.07328091103952052
4557,0.08411558018563674
4558,0.08138335223185415
4559,0.08109408230163004
4560,0.08110451282504288
4561,0.08249301919862669
4562,0.07767531613974152
4563,0.07717694628998639
4564,0.06913179231404859
4565,0.08318413698956936
4566,0.06319036589222901
4567,0.07929688849986224
4568,0.06748397202554811
4569,0.08898117068458225
4570,0.07687923126010751
4571,0.07564519895602628
4572,0.06333628264908713
4573,0.06244156237304217
4574,0.07579153597614718
4575,0.07546044681199447
4576,0.08995465016950317
4577,0.10245279715015766
4578,0.07960544736673818
4579,0.07131595136932506
4580,0.07649745847741571
4581,0.0710909613993188
4582,0.10906234269716837
4583,0.0705754452489753
4584,0.06370784988167735
4585,0.08788827550326862
4586,0.06023088212679213
4587,0.08077430587555622
4588,0.07179564603427464
4589,0.09131578422227969
4590,0.07273945074157528
4591,0.09738092944728044
4592,0.077100059010383
4593,0.06886829002513038
4594,0.06744085252379362
4595,0.08808018382488665
4596,0.07664221772805486
4597,0.09855501209224052
4598,0.07771438592204186
4599,0.09607037552154568
4600,0.07903733440888656
4601,0.06351697894977425
4602,0.09555340746957153
4603,0.07095943755548492
4604,0.06000115915690518
4605,0.0927414436221293
4606,0.09609726007056853
4607,0.07699736985738799
4608,0.07135300504734017
4609,0.09811450796631177
4610,0.07991459944886053
4611,0.08004520885392696
4612,0.084583800394691
4613,0.09280843284789143
4614,0.07188284027532364
4615,0.07864376534174443
4616,0.09014588442937863
4617,0.0941066635957436
4618,0.07705241750734557
4619,0.08581236638877977
4620,0.08134755238979728
4621,0.10241031907887035
4622,0.07802895450311688
4623,0.0799432251877292
4624,0.07709851158637704
4625,0.07052639087419076
4626,0.09911005640444334
4627,0.07933696967742297
4628,0.09863856437326494
4629,0.09661939521716041
4630,0.07542349567704354
4631,0.09117552188776495
4632,0.0838702594241619
4633,0.06860652065184418
4634,0.0875412046727931
4635,0.07353002688991676
4636,0.07305043997297782
4637,0.06912320613838148
4638,0.07729139310793495
4639,0.07565862618520267
4640,0.062165377609011654
4641,0.09258190029910936
4642,0.06900787300209119
4643,0.07366225548083567
4644,0.08198437806756305
4645,0.07278193759603417
4646,0.11365430060596952
4647,0.11663631944996235
4648,0.06918380896839574
4649,0.0715975687717791
4650,0.07268929805258026
4651,0.07899585599044541
4652,0.0832634380870858
4653,0.0655816809817981
4654,0.07158450781633527
4655,0.10186807629565343
4656,0.06605643486105976
4657,0.0852922805407289
4658,0.09805866468052726
4659,0.06633270322819146
4660,0.08671904422404274
4661,0.09166812075049138
4662,0.08994282801704231
4663,0.0800836108797259
4664,0.09437410068360916
4665,0.07621035288300335
4666,0.07614258725529992
4667,0.09028421193958827
4668,0.08115239402725918
4669,0.08396276062120141
4670,0.08866008161186639
4671,0.08562282685535083
4672,0.075559094817153
4673,0.11454978810990356
4674,0.07841003563089595
4675,0.06485219206169146
4676,0.07286210725793783
4677,0.07781380897643644
4678,0.07400537314295984
4679,0.07565564856586542
4680,0.07956265022217934
4681,0.08183890983001053
4682,0.06252396585450874
4683,0.08327762213889103
4684,0.07712306249941542
4685,0.06719145102986303
4686,0.06624564451758727
4687,0.09532471417766443
4688,0.06972574860037202
4689,0.07516408652292117
4690,0.09316338344440964
4691,0.08019135032834744
4692,0.08011437447419582
4693,0.07043574526385796
4694,0.08573737077019553
4695,0.07704279044237883
4696,0.09880125525987227
4697,0.07520656739508766
4698,0.09538390129920753
4699,0.1051770765920271
4700,0.08145807305393825
4701,0.08303497137831518
4702,0.06319741143170378
4703,0.07244662555493582
4704,0.07018501876380372
4705,0.06728311810661401
4706,0.07616054949090507
4707,0.07639677550052461
4708,0.08626121199924412
4709,0.07124147425506498
4710,0.07151097001570579
4711,0.07214355297729665
4712,0.08053382053490303
4713,0.069404554221205
4714,0.0832271081098961
4715,0.08213145646729898
4716,0.08379329674413094
4717,0.16629607522801654
4718,0.0756730847695972
4719,0.06444852117737504
4720,0.08526635005752141
4721,0.10654382761894657
4722,0.0890411883137979
4723,0.0914549455683923
4724,0.0756478162844142
4725,0.0825288424202135
4726,0.07155657042192172
4727,0.08686811495591698
4728,0.07922609208008526
4729,0.07499184398588436
4730,0.07867904070815335
4731,0.08102784231555452
4732,0.06305407823865035
4733,0.07924964380075919
4734,0.07508703745759956
4735,0.08476509072100619
4736,0.07169376727093223
4737,0.07680634754619718
4738,0.07581547775020513
4739,0.06224990399406941
4740,0.07375965187193088
4741,0.09377512736353977
4742,0.10281809836601237
4743,0.062406220357995874
4744,0.08933021168142029
4745,0.09236632236983046
4746,0.08570730685787972
4747,0.08107927453786302
4748,0.08353040287070417
4749,0.09054505565587909
4750,0.0770998130758918
4751,0.09805950098315322
4752,0.08412058064280295
4753,0.08832211666700726
4754,0.06594351173350924
4755,0.09665769598963783
4756,0.08603013183201276
4757,0.05979310938194223
4758,0.08695297769854386
4759,0.07426798294599458
4760,0.06038392731156442
4761,0.07461581938163604
4762,0.060864040642897924
4763,0.09220228568946502
4764,0.08719229297393946
4765,0.0871835929677463
4766,0.07420996905299013
4767,0.09321286895585693
4768,0.10630335181420908
4769,0.05519335285382992
4770,0.09603018509754191
4771,0.06486142311967438
4772,0.06382822835766858
4773,0.07407870965023067
4774,0.09380312392584715
4775,0.07927328641636869
4776,0.06817902417111975
4777,0.08661383573340228
4778,0.0845797938468991
4779,0.07660027478544847
4780,0.0787923674891322
4781,0.10343403725999806
4782,0.0753711604707376
4783,0.0928074730838671
4784,0.0887194868519672
4785,0.07723868532114823
4786,0.0701842719475776
4787,0.0625358531675096
4788,0.06881797948770889
4789,0.08885276585443272
4790,0.07811837847509236
4791,0.10973361564819172
4792,0.08484474503631469
4793,0.07959038295414239
4794,0.06522619935938472
4795,0.07651558948247221
4796,0.07617056444920622
4797,0.0829675741202945
4798,0.07227950044376572
4799,0.09784767178322551
4800,0.08430155890421193
4801,0.09297202536258724
4802,0.07533320729448896
4803,0.08138022765418315
4804,0.09287453792785146
4805,0.08251187565854945
4806,0.10105641056548235
4807,0.09501595282237164
4808,0.06945117913215978
4809,0.07004144290538611
4810,0.09393012791298708
4811,0.06660540275010718
4812,0.06360313903489476
4813,0.07730828950585715
4814,0.07793469922841786
4815,0.07452674128974486
4816,0.08023217092310933
4817,0.06996227027017939
4818,0.08914508010651827
4819,0.08220512221802569
4820,0.08481328502821048
4821,0.07511837767375605
4822,0.07695915752627219
4823,0.06904264457797575
4824,0.06612980046050485
4825,0.07471486255851112
4826,0.06944918205537823
4827,0.09776109416945569
4828,0.06894311193759636
4829,0.0877896964762951
4830,0.08708091371196174
4831,0.05826847477998384
4832,0.06501761486478028
4833,0.08485326830512094
4834,0.08360821969154457
4835,0.07649627652587392
4836,0.08455463482251538
4837,0.07419050617145381
4838,0.09919603580547576
4839,0.07721024123029153
4840,0.09197781024501789
4841,0.08170882691484914
4842,0.07519390512358304
4843,0.09756946996106393
4844,0.08692572127220698
4845,0.08373355280285305
4846,0.07821667787678516
4847,0.06798258324751189
4848,0.0661784380220831
4849,0.08511588056330138
4850,0.0595819221265186
4851,0.06817956255071492
4852,0.06596809942442355
4853,0.08255658271059581
4854,0.08666384762770188
4855,0.07611111658612621
4856,0.06862277283939429
4857,0.0846833259405144
4858,0.07824336900586804
4859,0.08294352391703845
4860,0.09858916883815275
4861,0.07164984039470713
4862,0.09762624681760362
4863,0.08142977177131502
4864,0.07732406375156643
4865,0.09087812241267594
4866,0.07737305558952899
4867,0.08145404793434798
4868,0.08109790308658367
4869,0.12128574805442355
4870,0.0745149297284966
4871,0.07881500904049764
4872,0.07626701501554282
4873,0.08144105755629878
4874,0.0771741773344861
4875,0.08306884832059039
4876,0.06919981908869646
4877,0.06740517934198276
4878,0.08261585187379715
4879,0.08428540810414574
4880,0.07798071386911759
4881,0.09691352572597507
4882,0.08928903388995638
4883,0.06966102124603131
4884,0.06671331353024537
4885,0.07624607275500847
4886,0.07315225925842661
4887,0.09382832937709115
4888,0.07118033507483383
4889,0.0757151946398688
4890,0.07327908438617374
4891,0.08378700478827479
4892,0.07844858248189837
4893,0.08095320084849537
4894,0.07419061067720183
4895,0.07869786923948309
4896,0.09207674215960923
4897,0.09233494435465844
4898,0.09373421906876726
4899,0.07892868296986666
4900,0.08066807948932941
4901,0.07735477279212606
4902,0.07698031453871591
4903,0.07993923704314304
4904,0.07648797082291847
4905,0.08274716905051861
4906,0.07879984588821065
4907,0.06930220799266132
4908,0.07241287904573822
4909,0.07395085537355763
4910,0.0716138680343237
4911,0.08254124857737515
4912,0.07985436770086844
4913,0.08929123659540192
4914,0.06728998864245414
4915,0.09947200216841895
4916,0.09643639897321246
4917,0.07265854322637892
4918,0.08027744858967605
4919,0.0722612304078378
4920,0.0886285630990704
4921,0.0764219543024395
4922,0.09680092675402034
4923,0.09547185144550319
4924,0.07587067271059819
4925,0.0642594178611532
4926,0.07692598948955967
4927,0.07449377435436012
4928,0.07064650367197402
4929,0.08352918391684747
4930,0.0796978620767187
4931,0.0675300923751495
4932,0.06740915778584924
4933,0.06892039420800376
4934,0.07602429094839216
4935,0.11663344865233906
4936,0.08357239780527352
4937,0.09232273352241963
4938,0.07139738796988941
4939,0.06350536186216982
4940,0.10749150455238049
4941,0.08904040970252154
4942,0.08450860105888432
4943,0.0807396052680947
4944,0.08580240211222372
4945,0.08468326669220679
4946,0.08478407720553573
4947,0.08787273537720663
4948,0.07046400086380765
4949,0.07325175943583948
4950,0.06736920074750634
4951,0.0747867010409883
4952,0.07720726258204821
4953,0.07247461322006879
4954,0.08336151151284318
4955,0.07933409822211268
4956,0.0857369106776824
4957,0.07474595297151775
4958,0.06554245820801398
4959,0.06833227684969977
4960,0.06555174809932773
4961,0.07709357730329848
4962,0.08365602170273999
4963,0.07323631707767708
4964,0.07015493466969198
4965,0.08914995941090349
4966,0.07628778522618998
4967,0.07272720180880272
4968,0.08407948698258762
4969,0.08852001921209006
4970,0.09123467439887316
4971,0.10185061597673281
4972,0.09058297940828815
4973,0.08761412884633488
4974,0.09337182448113654
4976,0.08440761777706711
4977,0.07729265795325704
4978,0.0791173980691498
4979,0.08154649427276216
4980,0.07631058631672052
4981,0.08361391178942777
4982,0.08271455450160835
4983,0.06672386192850212
4984,0.09387254491685725
4985,0.07080664878862039
4986,0.08889253424294735
4987,0.07050904082405748
4988,0.08400537025770333
4989,0.08005551735673223
4990,0.0953854089233412
4991,0.0752340757246387
4992,0.07756860253751459
4993,0.10900826618367276
4994,0.0873567571544202
4995,0.07266147804095147
4996,0.09615378809428848
4997,0.09058082712345869
4998,0.07148766933507485
4999,0.09145952435071399
5000,0.07648718908233629
5001,0.06638231696909319
5002,0.0731139716374504
5003,0.0836302523080225
5004,0.09228489673175805
5005,0.06735308002138574
5006,0.0800060126780155
5007,0.08085437769026498
5008,0.07006334649974261
5009,0.08396220688156462
5010,0.08233272411475787
5011,0.07484119762156397
5012,0.08301007538127825
5013,0.08535122376122807
5014,0.07012019868327539
5015,0.07074439890194792
5016,0.07458876153534114
5017,0.06605138680261821
5018,0.07996964950280486
5019,0.07965101729778971
5020,0.0861511759978835
5021,0.0886097542715002
5022,0.0798077166009174
5023,0.0793269370412787
5024,0.10397969649335774
5025,0.0802470903634169
5026,0.0734054087942747
5027,0.08411425479394577
5028,0.07264963847911879
5029,0.06887131268836959
5030,0.0871156964663803
5031,0.10610256374703025
5032,0.0842482638422394
5033,0.08421270750334024
5034,0.07539163932987107
5035,0.09061230230851094
5036,0.08331346105763228
5037,0.08455390229941653
5038,0.07432956563072177
5039,0.08651184444330967
5040,0.0872947026667937
5041,0.07985426421908003
5042,0.06724423212465629
5043,0.07017588045612337
5044,0.07904909442876532
5045,0.08837435626004327
5046,0.08399510459323463
5047,0.08640919884705602
5048,0.08725713128727816
5049,0.07908552498789247
5050,0.07912069353210642
5051,0.0715519683699268
5052,0.09312782322528525
5053,0.08640286762236439
5054,0.08291835258504794
5055,0.0720638778253761
5056,0.08037202994410157
5057,0.07866765215861782
5058,0.0886102826172958
5059,0.081916824681087
5060,0.07740724907764014
5061,0.07666634300975136
5062,0.10072109530612726
5063,0.0858887205117002
5064,0.08090249289622033
5065,0.07963921727013969
5066,0.08230593443100388
5067,0.07281945713627085
5068,0.07164696620062147
5069,0.07670724407006703
5070,0.08344301219022213
5071,0.07902190980448964
5072,0.10025941557853967
5073,0.07701244012869003
5074,0.07421917403168701
5075,0.07874464195822684
5076,0.08718515991594426
5077,0.10131225963704599
5078,0.10341056811855308
5079,0.09296102107911096
5080,0.0977951908888144
5081,0.07587902563285918
5082,0.08357675039785142
5083,0.07972207666835443
5084,0.06227963470464717
5085,0.07423853450166214
5086,0.0807968845757772
5087,0.08266898154168079
5088,0.07515247702335145
5089,0.07090853803524631
5090,0.08299924667153043
5091,0.07386606843877451
5092,0.07569072628153863
5093,0.08947770754408625
5094,0.09001695850310422
5095,0.06987558427706338
5096,0.0678365773255225
5097,0.1191550653838319
5098,0.07625167740137792
5099,0.1268090947745445
5100,0.08092814341390185
5101,0.09531069940832743
5102,0.09082266809522992
5103,0.08316617427290833
5104,0.081927656077153
5105,0.07568682360503265
5106,0.0805524982930072
5107,0.08238616694669894
5108,0.09602743901896359
5109,0.0722047683488766
5110,0.07961271182351254
5111,0.08086126852364184
5112,0.06936767854680961
5113,0.09829081604469227
5114,0.07062754036504557
5115,0.07775472153745633
5116,0.08644744713957289
5117,0.09391020812386912
5118,0.08469046130666819
5119,0.09364535398674191
5120,0.07632658243799889
5121,0.07051100857021211
5122,0.09884576139824938
5123,0.09307854793068998
5124,0.080503705012858
5125,0.08067023939353664
5126,0.0734680618740721
5127,0.09473680839316587
5128,0.10594291146434295
5129,0.08444309080748874
5130,0.07891392378122211
5131,0.08319457206714857
5132,0.07573495076103297
5133,0.07521372131857777
5134,0.07045466614127502
5135,0.07815634114527109
5136,0.0763113696195004
5137,0.0794508014086969
5138,0.07874126375681413
5139,0.08570627210065404
5140,0.09171488106703561
5141,0.07195495320622375
5142,0.0709555358473848
5143,0.08437410490605925
5144,0.09290258504283953
5145,0.07544771866927683
5146,0.08479100063933304
5147,0.08238798769637258
5148,0.0926120370108188
5149,0.12549514834472494
5150,0.08852852267663794
5151,0.0973996350288425
5152,0.09069641230196178
5153,0.08539417597902305
5154,0.08059688662234428
5155,0.09279103492598402
5156,0.0769501054505831
5157,0.07991873812401074
5158,0.07466890100473415
5159,0.08991896654467461
5160,0.07253337904619032
5161,0.06696253751597575
5162,0.09346398296123412
5163,0.0790373436989738
5164,0.08893788400606607
5165,0.09137777833911814
5166,0.0872271380885596
5167,0.07132741956898346
5168,0.1062034220798504
5169,0.09468418535122995
5170,0.0695126390450182
5171,0.08855381165765333
5172,0.08408913330091776
5173,0.07849674662871961
5174,0.07920578025250742
5175,0.08480019086477339
5176,0.10092149932943902
5177,0.07762053014106539
5178,0.08610648769551346
5179,0.08702953846820065
5180,0.09165863689065455
5181,0.07882902638730883
5182,0.08761414270250849
5183,0.07375856842733537
5184,0.10177430429010806
5185,0.07945522783066271
5186,0.07392792304254443
5187,0.08982047114327481
5188,0.09520349259157726
5189,0.08001974001607538
5190,0.08786927440799573
5191,0.06655044834736408
5192,0.09102029235667057
5193,0.0785466272323176
5194,0.09266029307308765
5195,0.08849075887991949
5196,0.08790246732488707
5197,0.08607696063248743
5198,0.0889877977555058
5199,0.07649792467853268
5200,0.09410584583563808
5201,0.08582686518134255
5202,0.08999209075663463
5203,0.07619359181243741
5204,0.08570150778896263
5205,0.08083503817218346
5206,0.08348124967965344
5207,0.0830005660791302
5208,0.08263919356525666
5209,0.08983677168319841
5210,0.08006993639395255
5211,0.09447962825925091
5212,0.07683368361862107
5213,0.08214620708073311
5214,0.08349898704005841
5215,0.09933579011191876
5216,0.07652886135690758
5217,0.07098934573588421
5218,0.09070642104729287
5219,0.08859031510568689
5220,0.08131670602742752
5221,0.08427634231274343
5222,0.06777736299660582
5223,0.08980302626693995
5224,0.07190507309838229
5225,0.09564867166928594
5226,0.07667610485736802
5227,0.10371192526938668
5228,0.07298606434899318
5229,0.07517495205437098
5230,0.09246554551210612
5231,0.09128532406448907
5232,0.07649312412954186
5233,0.10204775945961755
5234,0.07967524220093566
5235,0.09645935112681608
5236,0.079647325884177
5237,0.09518755195724371
5238,0.07612503803507795
5239,0.08438107772099318
5240,0.09504662276393812
5241,0.09205904598051791
5242,0.103469910243412
5243,0.07438635324710202
5244,0.0764728449615873
5245,0.09376635541240846
5246,0.0817318396434905
5247,0.08779025380807401
5248,0.09650003418518002
5249,0.08661306888154205
5250,0.10358755893528836
5251,0.0954133939311051
5252,0.07689560258323894
5253,0.11562783139542608
5254,0.09939965606662345
5255,0.07980554498183709
5256,0.06816783413277848
5257,0.08408432608847186
5258,0.08628397276457281
5259,0.08997086838258442
5260,0.11021617308866974
5261,0.08613053653155284
5262,0.09105519523964893
5263,0.07331776774851842
5264,0.09562313632611504
5265,0.08280542412891782
5266,0.09355081207344663
5267,0.06577009870342519
5268,0.09228497439894863
5269,0.08714536768764246
5270,0.11118071799048403
5271,0.08233937398470775
5272,0.08886435191643413
5273,0.08668692988112837
5274,0.09738076263410486
5275,0.08172814259236548
5276,0.06899269609100267
5277,0.08418191746863166
5278,0.07920718187573315
5279,0.07463218061018212
5280,0.08600565450669446
5281,0.0725830371526796
5282,0.10002619892863454
5283,0.10400209248892167
5284,0.07869834961398041
5285,0.07346574917147033
5286,0.07451675898791818
5287,0.09796249480519201
5288,0.10032830121694664
5289,0.07242356404112339
5290,0.08536662861743004
5291,0.08470587556977742
5292,0.09682295615719698
5293,0.09915625768225088
5294,0.07636653170092104
5295,0.08898301344604961
5296,0.09226343400353908
5297,0.09465068372211566
5298,0.07579618541814215
5299,0.0903441278646876
5300,0.10529983401769395
5301,0.05984213195580527
5302,0.10470560790119827
5303,0.08011414485870451
5304,0.11976467819587185
5305,0.09102417911066224
5306,0.10338541341065663
5307,0.08829236324425278
5308,0.08704515036484763
5309,0.07885622950675722
5310,0.09247246252686374
5311,0.08748262898955646
5312,0.09239722558849843
5313,0.08935361996377604
5314,0.11283536068873819
5315,0.0988693799746206
5316,0.0743194163089346
5317,0.08627277847222826
5318,0.08619768700014199
5319,0.09273160604996114
5320,0.08726347940642583
5321,0.08879008694235764
5322,0.08607923741651227
5323,0.09220582778030349
5324,0.10489879316487909
5325,0.07610423122287659
5326,0.07946049785210395
5327,0.10393762698383255
5328,0.0784943732856862
5329,0.08557498865498359
5330,0.06912408324396006
5331,0.07782827992554575
5332,0.07969196477321654
5333,0.09906714971877824
5334,0.08322994162453198
5335,0.08931415095244635
5336,0.09867383643101152
5337,0.08274164394509433
5338,0.09900637930084677
5339,0.082756166350482
5340,0.08396741865131149
5341,0.0994649049615637
5342,0.09653975042645872
5343,0.09556331006963092
5344,0.08229476546762195
5345,0.08727265826033297
5346,0.08303525799719369
5347,0.09233966523490426
5348,0.07974895221412139
5349,0.10200402750699461
5350,0.09235577082602191
5351,0.08034891384076284
5352,0.08860754751644395
5353,0.07630056646463004
5354,0.09735573981825331
5355,0.08055018809087304
5356,0.06974448997747716
5357,0.10495993543847876
5358,0.09399595249391904
5359,0.09024733785271624
5360,0.08733730548570398
5361,0.09014499433455449
5362,0.09117991056359695
5363,0.10286940676595366
5364,0.0882497978463598
5365,0.09309529083755606
5366,0.09341427114547246
5367,0.09470496184228028
5368,0.07963895996627972
5369,0.10140847167484641
5370,0.0928284428468215
5371,0.09824796220471388
5372,0.0880007023853165
5373,0.1211671483487663
5374,0.09391837370578902
5375,0.08852671987852218
5376,0.07565660548133224
5377,0.07806771307013975
5378,0.12114809178738976
5379,0.09755738496124887
5380,0.11318444891743827
5381,0.09472660395265353
5382,0.08911626637204649
5383,0.09559698666006869
5384,0.09149286711603749
5385,0.08233144302141346
5386,0.07619575515373725
5387,0.09808156319429039
5388,0.08654839533314518
5389,0.0861762364702415
5390,0.08009365731930707
5391,0.10138067820987712
5392,0.10365179000119312
5393,0.10587598221373726
5394,0.08437399788434434
5395,0.08125145045965765
5396,0.10083100096846467
5397,0.10189653105348764
5398,0.07642111564147601
5399,0.09921200608746267
5400,0.1005395806780253
5401,0.09804625078321333
5402,0.08208448171160086
5403,0.08224306395452113
5404,0.10110046896311314
5405,0.10063737157865513
5406,0.12026379455883696
5407,0.08647933249187441
5408,0.08678489719771744
5409,0.09610679920761372
5410,0.13595508002198292
5411,0.11088471657133178
5412,0.09805384066445358
5413,0.10200378021519055
5414,0.10196742566305737
5415,0.11163518941499326
5416,0.06899275324264133
5417,0.08671429190769324
5418,0.0974243731902263
5419,0.09379049108169696
5420,0.09275036728030046
5421,0.1028317021854592
5422,0.09648834126463156
5424,0.07698562017861334
5425,0.14920762938491672
5426,0.1434174725358505
5427,0.07769330730506972
5428,0.05840471822645077
5429,0.13397583293088278
5430,0.08505008220758216
5431,0.1347749446829258
5432,0.10535653752852739
5433,0.09735387911006822
5434,0.05546299478796356
5435,0.12600705447623864
5436,0.08513294924774455
5437,0.07603257447273754
5438,0.0787577156714044
5439,0.07888546549692577
5440,0.06215954893505522
5441,0.059923698761029556
5442,0.06796649501367893
5443,0.07692296703288853
5444,0.12328828005937953
